,precision,recall,f1-score,support
Normal,0.9956211755459495,0.9788608014129595,0.9871698533299936,18118.0
Artial Premature,0.6881868131868132,0.9010791366906474,0.780373831775701,556.0
Premature ventricular contraction,0.9492803289924606,0.9564917127071824,0.9528723770209838,1448.0
Fusion of ventricular and normal,0.5300751879699248,0.8703703703703703,0.6588785046728972,162.0
Fusion of paced and normal,0.9846248462484625,0.9956467661691543,0.9901051329622759,1608.0
accuracy,0.975835921797917,0.975835921797917,0.975835921797917,0.975835921797917
macro avg,0.8295576703887221,0.9404897574700628,0.8738799399523703,21892.0
weighted avg,0.9804953031369048,0.975835921797917,0.9774354936317763,21892.0
