,precision,recall,f1-score,support
Normal,0.9916077738515902,0.9912793906612208,0.9914435550648634,18118.0
Artial Premature,0.813588850174216,0.8399280575539568,0.8265486725663717,556.0
Premature ventricular contraction,0.9584775086505191,0.9564917127071824,0.9574835810577256,1448.0
Fusion of ventricular and normal,0.8125,0.8024691358024691,0.8074534161490683,162.0
Fusion of paced and normal,0.9912554653341662,0.9869402985074627,0.9890931754440636,1608.0
accuracy,0.9834186004019734,0.9834186004019734,0.9834186004019734,0.9834186004019734
macro avg,0.9134859196020984,0.9154217190464584,0.9144044800564185,21892.0
weighted avg,0.9835439552404195,0.9834186004019734,0.9834752830949155,21892.0
