,precision,recall,f1-score,support
Normal,0.9912644193078732,0.9770394083232145,0.9841005114520792,18118.0
Artial Premature,0.6291666666666667,0.814748201438849,0.7100313479623824,556.0
Premature ventricular contraction,0.9051948051948052,0.962707182320442,0.9330655957161981,1448.0
Fusion of ventricular and normal,0.7751479289940828,0.808641975308642,0.7915407854984894,162.0
Fusion of paced and normal,0.9856697819314642,0.9838308457711443,0.9847494553376906,1608.0
accuracy,0.9712223643340033,0.9712223643340033,0.9712223643340033,0.9712223643340033
macro avg,0.8572887204189785,0.9093935226324582,0.880697539193368,21892.0
weighted avg,0.9743649948589268,0.9712223643340033,0.9723870002734639,21892.0
